0,  306
60, 303.2
120, 300.4
180, 297.6
240, 294.8
300,  292
360, 288.8
420, 285.6
480, 282.4
540, 279.2
600,  276
660, 275
720, 274
780, 273
840, 272
900,  271
960, 271.8
1020, 272.6
1080, 273.4
1140, 274.2
1200,  275
1260, 276
1320, 277
1380, 278
1440, 279
1500,  280
1560, 278.8
1620, 277.6
1680, 276.4
1740, 275.2
1800,  274
1860, 274.4
1920, 274.8
1980, 275.2
2040, 275.6
2100,  276
2160, 274
2220, 272
2280, 270
2340, 268
2400,  266
2460, 265.2
2520, 264.4
2580, 263.6
2640, 262.8
2700,  262
2760, 264.2
2820, 266.4
2880, 268.6
2940, 270.8
3000,  273
3060, 274.2
3120, 275.4
3180, 276.6
3240, 277.8
3300,  279
3360, 279.2
3420, 279.4
3480, 279.6
3540, 279.8
3600,  280
3660, 280.2
3720, 280.4
3780, 280.6
3840, 280.8
3900,  281
3960, 279.8
4020, 278.6
4080, 277.4
4140, 276.2
4200,  275
4260, 273.8
4320, 272.6
4380, 271.4
4440, 270.2
4500,  269
4560, 269.8
4620, 270.6
4680, 271.4
4740, 272.2
4800,  273
4860, 273
4920, 273
4980, 273
5040, 273
5100,  273
5160, 273.6
5220, 274.2
5280, 274.8
5340, 275.4
5400,  276
5460, 275.4
5520, 274.8
5580, 274.2
5640, 273.6
5700,  273
5760, 273
5820, 273
5880, 273
5940, 273
6000,  273
6060, 272.6
6120, 272.2
6180, 271.8
6240, 271.4
6300,  271
6360, 270.4
6420, 269.8
6480, 269.2
6540, 268.6
6600,  268
6660, 268
6720, 268
6780, 268
6840, 268
6900,  268
6960, 266.6
7020, 265.2
7080, 263.8
7140, 262.4
7200,  261
7260, 260.6
7320, 260.2
7380, 259.8
7440, 259.4
7500,  259
7560, 257.6
7620, 256.2
7680, 254.8
7740, 253.4
7800,  252
7860, 250
7920, 248
7980, 246
8040, 244
8100,  242
8160, 242.6
8220, 243.2
8280, 243.8
8340, 244.4
8400,  245
8460, 244.8
8520, 244.6
8580, 244.4
8640, 244.2
8700,  244
8760, 243.4
8820, 242.8
8880, 242.2
8940, 241.6
9000,  241
9060, 241
9120, 241
9180, 241
9240, 241
9300,  241
9360, 242.2
9420, 243.4
9480, 244.6
9540, 245.8
9600,  247
9660, 247.8
9720, 248.6
9780, 249.4
9840, 250.2
9900,  251
9960, 251.2
10020, 251.4
10080, 251.6
10140, 251.8
10200,  252
10260, 252.6
10320, 253.2
10380, 253.8
10440, 254.4
10500,  255
10560, 254.8
10620, 254.6
10680, 254.4
10740, 254.2
10800,  254
10860, 253
10920, 252
10980, 251
11040, 250
11100,  249
11160, 247.2
11220, 245.4
11280, 243.6
11340, 241.8
11400,  240
11460, 237.2
11520, 234.4
11580, 231.6
11640, 228.8
11700,  226
11760, 224.4
11820, 222.8
11880, 221.2
11940, 219.6
12000,  218
12060, 217.2
12120, 216.4
12180, 215.6
12240, 214.8
12300,  214
12360, 214.2
12420, 214.4
12480, 214.6
12540, 214.8
12600,  215
12660, 215.2
12720, 215.4
12780, 215.6
12840, 215.8
12900,  216
12960, 217.6
13020, 219.2
13080, 220.8
13140, 222.4
13200,  224
13260, 226.2
13320, 228.4
13380, 230.6
13440, 232.8
13500,  235
13560, 234.8
13620, 234.6
13680, 234.4
13740, 234.2
13800,  234
13860, 235.4
13920, 236.8
13980, 238.2
14040, 239.6
14100,  241
14160, 240.6
14220, 240.2
14280, 239.8
14340, 239.4
14400,  239
14460, 240
14520, 241
14580, 242
14640, 243
14700,  244
14760, 245.2
14820, 246.4
14880, 247.6
14940, 248.8
15000,  250
15060, 250.2
15120, 250.4
15180, 250.6
15240, 250.8
15300,  251
15360, 250.4
15420, 249.8
15480, 249.2
15540, 248.6
15600,  248
15660, 247
15720, 246
15780, 245
15840, 244
15900,  243
15960, 242.8
16020, 242.6
16080, 242.4
16140, 242.2
16200,  242
16260, 241.4
16320, 240.8
16380, 240.2
16440, 239.6
16500,  239
16560, 237.2
16620, 235.4
16680, 233.6
16740, 231.8
16800,  230
16860, 229.4
16920, 228.8
16980, 228.2
17040, 227.6
17100,  227
17160, 228
17220, 229
17280, 230
17340, 231
17400,  232
17460, 231.4
17520, 230.8
17580, 230.2
17640, 229.6
17700,  229
17760, 228.4
17820, 227.8
17880, 227.2
17940, 226.6
18000,  226
18060, 224.8
18120, 223.6
18180, 222.4
18240, 221.2
18300,  220
18360, 218.2
18420, 216.4
18480, 214.6
18540, 212.8
18600,  211
18660, 213.6
18720, 216.2
18780, 218.8
18840, 221.4
18900,  224
18960, 224.4
19020, 224.8
19080, 225.2
19140, 225.6
19200,  226
19260, 224.8
19320, 223.6
19380, 222.4
19440, 221.2
19500,  220
19560, 218.8
19620, 217.6
19680, 216.4
19740, 215.2
19800,  214
19860, 213.2
19920, 212.4
19980, 211.6
20040, 210.8
20100,  210
20160, 210.6
20220, 211.2
20280, 211.8
20340, 212.4
20400,  213
20460, 211.6
20520, 210.2
20580, 208.8
20640, 207.4
20700,  206
20760, 207.2
20820, 208.4
20880, 209.6
20940, 210.8
21000,  212
21060, 214.6
21120, 217.2
21180, 219.8
21240, 222.4
21300,  225
21360, 227.6
21420, 230.2
21480, 232.8
21540, 235.4
21600,  238
21660, 239
21720, 240
21780, 241
21840, 242
21900,  243
21960, 243.4
22020, 243.8
22080, 244.2
22140, 244.6
22200,  245
22260, 243.4
22320, 241.8
22380, 240.2
22440, 238.6
22500,  237
22560, 235.4
22620, 233.8
22680, 232.2
22740, 230.6
22800,  229
22860, 227.8
22920, 226.6
22980, 225.4
23040, 224.2
23100,  223
23160, 222
23220, 221
23280, 220
23340, 219
23400,  218
23460, 217.8
23520, 217.6
23580, 217.4
23640, 217.2
23700,  217
23760, 219.8
23820, 222.6
23880, 225.4
23940, 228.2
24000,  231
24060, 233.8
24120, 236.6
24180, 239.4
24240, 242.2
24300,  245
24360, 247.6
24420, 250.2
24480, 252.8
24540, 255.4
24600,  258
24660, 258.4
24720, 258.8
24780, 259.2
24840, 259.6
24900,  260
24960, 261.2
25020, 262.4
25080, 263.6
25140, 264.8
25200,  266
25260, 265.2
25320, 264.4
25380, 263.6
25440, 262.8
25500,  262
25560, 263
25620, 264
25680, 265
25740, 266
25800,  267
25860, 265.6
25920, 264.2
25980, 262.8
26040, 261.4
26100,  260
26160, 261
26220, 262
26280, 263
26340, 264
26400,  265
26460, 263.4
26520, 261.8
26580, 260.2
26640, 258.6
26700,  257
26760, 260
26820, 263
26880, 266
26940, 269
27000,  272
27060, 274.8
27120, 277.6
27180, 280.4
27240, 283.2
27300,  286
27360, 285.6
27420, 285.2
27480, 284.8
27540, 284.4
27600,  284
27660, 284.4
27720, 284.8
27780, 285.2
27840, 285.6
27900,  286
27960, 287
28020, 288
28080, 289
28140, 290
28200,  291
28260, 294.4
28320, 297.8
28380, 301.2
28440, 304.6
28500,  308
28560, 309.2
28620, 310.4
28680, 311.6
28740, 312.8
28800,  314
28860, 313
28920, 312
28980, 311
29040, 310
29100,  309
29160, 310.4
29220, 311.8
29280, 313.2
29340, 314.6
29400,  316
29460, 315.4
29520, 314.8
29580, 314.2
29640, 313.6
29700,  313
29760, 312
29820, 311
29880, 310
29940, 309
30000,  308
30060, 308.2
30120, 308.4
30180, 308.6
30240, 308.8
30300,  309
30360, 310.4
30420, 311.8
30480, 313.2
30540, 314.6
30600,  316
30660, 315.4
30720, 314.8
30780, 314.2
30840, 313.6
30900,  313
30960, 308.6
31020, 304.2
31080, 299.8
31140, 295.4
31200,  291
31260, 291.8
31320, 292.6
31380, 293.4
31440, 294.2
31500,  295
31560, 295.8
31620, 296.6
31680, 297.4
31740, 298.2
31800,  299
31860, 297.6
31920, 296.2
31980, 294.8
32040, 293.4
32100,  292
32160, 292.6
32220, 293.2
32280, 293.8
32340, 294.4
32400,  295
32460, 297.8
32520, 300.6
32580, 303.4
32640, 306.2
32700,  309
32760, 314.8
32820, 320.6
32880, 326.4
32940, 332.2
33000,  338
33060, 343.2
33120, 348.4
33180, 353.6
33240, 358.8
33300,  364
33360, 366.2
33420, 368.4
33480, 370.6
33540, 372.8
33600,  375
33660, 375
33720, 375
33780, 375
33840, 375
33900,  375
33960, 376.4
34020, 377.8
34080, 379.2
34140, 380.6
34200,  382
34260, 383.8
34320, 385.6
34380, 387.4
34440, 389.2
34500,  391
34560, 391
34620, 391
34680, 391
34740, 391
34800,  391
34860, 390.6
34920, 390.2
34980, 389.8
35040, 389.4
35100,  389
35160, 391.8
35220, 394.6
35280, 397.4
35340, 400.2
35400,  403
35460, 409.6
35520, 416.2
35580, 422.8
35640, 429.4
35700,  436
35760, 443.2
35820, 450.4
35880, 457.6
35940, 464.8
36000,  472
36060, 474.8
36120, 477.6
36180, 480.4
36240, 483.2
36300,  486
36360, 488.2
36420, 490.4
36480, 492.6
36540, 494.8
36600,  497
36660, 498.2
36720, 499.4
36780, 500.6
36840, 501.8
36900,  503
36960, 505.4
37020, 507.8
37080, 510.2
37140, 512.6
37200,  515
37260, 516.2
37320, 517.4
37380, 518.6
37440, 519.8
37500,  521
37560, 518.6
37620, 516.2
37680, 513.8
37740, 511.4
37800,  509
37860, 512
37920, 515
37980, 518
38040, 521
38100,  524
38160, 525.6
38220, 527.2
38280, 528.8
38340, 530.4
38400,  532
38460, 529.2
38520, 526.4
38580, 523.6
38640, 520.8
38700,  518
38760, 517
38820, 516
38880, 515
38940, 514
39000,  513
39060, 513.2
39120, 513.4
39180, 513.6
39240, 513.8
39300,  514
39360, 514
39420, 514
39480, 514
39540, 514
39600,  514
39660, 516
39720, 518
39780, 520
39840, 522
39900,  524
39960, 523.8
40020, 523.6
40080, 523.4
40140, 523.2
40200,  523
40260, 524.6
40320, 526.2
40380, 527.8
40440, 529.4
40500,  531
40560, 533.4
40620, 535.8
40680, 538.2
40740, 540.6
40800,  543
40860, 544.4
40920, 545.8
40980, 547.2
41040, 548.6
41100,  550
41160, 551.2
41220, 552.4
41280, 553.6
41340, 554.8
41400,  556
41460, 555.8
41520, 555.6
41580, 555.4
41640, 555.2
41700,  555
41760, 560.1
41820, 565.2
41880, 570.3
41940, 575.4
42000, 580.5
42060, 585.6
42120, 590.7
42180, 595.8
42240, 600.9
42300,  606
42360, 612.2
42420, 618.4
42480, 624.6
42540, 630.8
42600,  637
42660,  637
42720, 640.2
42780, 643.4
42840, 646.6
42900, 649.8
42960,  653
43020, 653.8
43080, 654.6
43140, 655.4
43200, 656.2
43260, 657
43320, 657.8
43380, 658.6
43440, 659.4
43500, 660.2
43560,  661
43620, 658.6
43680, 656.2
43740, 653.8
43800, 651.4
43860,  649
43920, 645.6
43980, 642.2
44040, 638.8
44100, 635.4
44160,  632
44220, 636.8
44280, 641.6
44340, 646.4
44400, 651.2
44460,  656
44520, 653.4
44580, 650.8
44640, 648.2
44700, 645.6
44760,  643
44820,  643
44880, 647.6
44940, 652.2
45000, 656.8
45060, 661.4
45120, 666
45180, 670.6
45240, 675.2
45300, 679.8
45360, 684.4
45420,  689
45480, 695
45540, 701
45600, 707
45660, 713
45720,  719
45780,  719
45840, 719.4
45900, 719.8
45960, 720.2
46020, 720.6
46080, 721
46140, 721.4
46200, 721.8
46260, 722.2
46320, 722.6
46380,  723
46440, 729.6
46500, 736.2
46560, 742.8
46620, 749.4
46680,  756
46740,  756
46800, 765.4
46860, 774.8
46920, 784.2
46980, 793.6
47040, 803
47100, 812.4
47160, 821.8
47220, 831.2
47280, 840.6
47340,  850
47400, 850.2
47460, 850.4
47520, 850.6
47580, 850.8
47640,  851
47700, 849.4
47760, 847.8
47820, 846.2
47880, 844.6
47940,  843
48000, 845.8
48060, 848.6
48120, 851.4
48180, 854.2
48240,  857
48300, 865.4
48360, 873.8
48420, 882.2
48480, 890.6
48540,  899
48600, 894.2
48660, 889.4
48720, 884.6
48780, 879.8
48840,  875
48900, 874.4
48960, 873.8
49020, 873.2
49080, 872.6
49140,  872
49200, 869.6
49260, 867.2
49320, 864.8
49380, 862.4
49440,  860
49500, 860.2
49560, 860.4
49620, 860.6
49680, 860.8
49740,  861
49800, 861
49860, 861
49920, 861
49980, 861
50040,  861
50100, 856
50160, 851
50220, 846
50280, 841
50340,  836
50400, 831.2
50460, 826.4
50520, 821.6
50580, 816.8
50640,  812
50700, 806.6
50760, 801.2
50820, 795.8
50880, 790.4
50940,  785
51000, 777
51060, 769
51120, 761
51180, 753
51240,  745
51300, 743.4
51360, 741.8
51420, 740.2
51480, 738.6
51540,  737
51600, 737
51660, 737
51720, 737
51780, 737
51840,  737
51900, 734
51960, 731
52020, 728
52080, 725
52140,  722
52200, 721
52260, 720
52320, 719
52380, 718
52440,  717
52500, 715.8
52560, 714.6
52620, 713.4
52680, 712.2
52740,  711
52800, 711
52860, 711
52920, 711
52980, 711
53040,  711
53100, 718.2
53160, 725.4
53220, 732.6
53280, 739.8
53340,  747
53400, 745.4
53460, 743.8
53520, 742.2
53580, 740.6
53640,  739
53700, 738.8
53760, 738.6
53820, 738.4
53880, 738.2
53940,  738
54000, 738
54060, 738
54120, 738
54180, 738
54240,  738
54300, 739
54360, 740
54420, 741
54480, 742
54540,  743
54600, 741
54660, 739
54720, 737
54780, 735
54840,  733
54900, 735
54960, 737
55020, 739
55080, 741
55140,  743
55200, 747.2
55260, 751.4
55320, 755.6
55380, 759.8
55440,  764
55500, 760.6
55560, 757.2
55620, 753.8
55680, 750.4
55740,  747
55800, 740.8
55860, 734.6
55920, 728.4
55980, 722.2
56040,  716
56100, 709.8
56160, 703.6
56220, 697.4
56280, 691.2
56340,  685
56400, 683
56460, 681
56520, 679
56580, 677
56640,  675
56700,  675
56760, 673.1
56820, 671.2
56880, 669.3
56940, 667.4
57000, 665.5
57060, 663.6
57120, 661.7
57180, 659.8
57240, 657.9
57300,  656
57360, 652.8
57420, 649.6
57480, 646.4
57540, 643.2
57600,  640
57660, 640
57720, 640
57780, 640
57840, 640
57900,  640
57960, 641.2
58020, 642.4
58080, 643.6
58140, 644.8
58200,  646
58260, 646.8
58320, 647.6
58380, 648.4
58440, 649.2
58500,  650
58560, 654.8
58620, 659.6
58680, 664.4
58740, 669.2
58800,  674
58860, 680.2
58920, 686.4
58980, 692.6
59040, 698.8
59100,  705
59160, 702.8
59220, 700.6
59280, 698.4
59340, 696.2
59400,  694
59460, 699
59520, 704
59580, 709
59640, 714
59700,  719
59760, 717.6
59820, 716.2
59880, 714.8
59940, 713.4
60000,  712
60060, 712.2
60120, 712.4
60180, 712.6
60240, 712.8
60300,  713
60360, 711.6
60420, 710.2
60480, 708.8
60540, 707.4
60600,  706
60660, 696.6
60720, 687.2
60780, 677.8
60840, 668.4
60900,  659
60960, 650.4
61020, 641.8
61080, 633.2
61140, 624.6
61200,  616
61260, 612.6
61320, 609.2
61380, 605.8
61440, 602.4
61500,  599
61560, 598
61620, 597
61680, 596
61740, 595
61800,  594
61860, 592.8
61920, 591.6
61980, 590.4
62040, 589.2
62100,  588
62160, 587.4
62220, 586.8
62280, 586.2
62340, 585.6
62400,  585
62460, 582
62520, 579
62580, 576
62640, 573
62700,  570
62760, 568.4
62820, 566.8
62880, 565.2
62940, 563.6
63000,  562
63060, 560.4
63120, 558.8
63180, 557.2
63240, 555.6
63300,  554
63360, 549.4
63420, 544.8
63480, 540.2
63540, 535.6
63600,  531
63660, 525.2
63720, 519.4
63780, 513.6
63840, 507.8
63900,  502
63960, 496
64020, 490
64080, 484
64140, 478
64200,  472
64260, 470.8
64320, 469.6
64380, 468.4
64440, 467.2
64500,  466
64560, 464.4
64620, 462.8
64680, 461.2
64740, 459.6
64800,  458
64860, 458
64920, 458
64980, 458
65040, 458
65100,  458
65160, 451.4
65220, 444.8
65280, 438.2
65340, 431.6
65400,  425
65460, 422.8
65520, 420.6
65580, 418.4
65640, 416.2
65700,  414
65760, 409.2
65820, 404.4
65880, 399.6
65940, 394.8
66000,  390
66060, 384.2
66120, 378.4
66180, 372.6
66240, 366.8
66300,  361
66360, 353.2
66420, 345.4
66480, 337.6
66540, 329.8
66600,  322
66660, 318.4
66720, 314.8
66780, 311.2
66840, 307.6
66900,  304
66960, 301.2
67020, 298.4
67080, 295.6
67140, 292.8
67200,  290
67260, 289.4
67320, 288.8
67380, 288.2
67440, 287.6
67500,  287
67560, 288.2
67620, 289.4
67680, 290.6
67740, 291.8
67800,  293
67860, 288.4
67920, 283.8
67980, 279.2
68040, 274.6
68100,  270
68160, 264.4
68220, 258.8
68280, 253.2
68340, 247.6
68400,  242
68460, 237.8
68520, 233.6
68580, 229.4
68640, 225.2
68700,  221
68760, 217.8
68820, 214.6
68880, 211.4
68940, 208.2
69000,  205
69060, 200.4
69120, 195.8
69180, 191.2
69240, 186.6
69300,  182
69360, 180.2
69420, 178.4
69480, 176.6
69540, 174.8
69600,  173
69660, 173.6
69720, 174.2
69780, 174.8
69840, 175.4
69900,  176
69960, 175.6
70020, 175.2
70080, 174.8
70140, 174.4
70200,  174
70260, 170
70320, 166
70380, 162
70440, 158
70500,  154
70560, 152
70620, 150
70680, 148
70740, 146
70800,  144
70860, 144
70920, 144
70980, 144
71040, 144
71100,  144
71160, 145.8
71220, 147.6
71280, 149.4
71340, 151.2
71400,  153
71460, 153.8
71520, 154.6
71580, 155.4
71640, 156.2
71700,  157
71760, 155.4
71820, 153.8
71880, 152.2
71940, 150.6
72000,  149
72060, 144.2
72120, 139.4
72180, 134.6
72240, 129.8
72300,  125
72360, 121.8
72420, 118.6
72480, 115.4
72540, 112.2
72600,  109
72660, 106.8
72720, 104.6
72780, 102.4
72840, 100.2
72900,  98
72960, 96.2
73020, 94.4
73080, 92.6
73140, 90.8
73200,  89
73260, 88.4
73320, 87.8
73380, 87.2
73440, 86.6
73500,  86
73560, 85.2
73620, 84.4
73680, 83.6
73740, 82.8
73800,  82
73860, 81.8
73920, 81.6
73980, 81.4
74040, 81.2
74100,  81
74160, 80.4
74220, 79.8
74280, 79.2
74340, 78.6
74400,  78
74460, 78.8
74520, 79.6
74580, 80.4
74640, 81.2
74700,  82
74760, 82.6
74820, 83.2
74880, 83.8
74940, 84.4
75000,  85
75060, 85
75120, 85
75180, 85
75240, 85
75300,  85
75360, 85
75420, 85
75480, 85
75540, 85
75600,  85
75660, 82.8
75720, 80.6
75780, 78.4
75840, 76.2
75900,  74
75960, 72.8
76020, 71.6
76080, 70.4
76140, 69.2
76200,  68
76260, 66.6
76320, 65.2
76380, 63.8
76440, 62.4
76500,  61
76560, 62.2
76620, 63.4
76680, 64.6
76740, 65.8
76800,  67
76860, 69
76920, 71
76980, 73
77040, 75
77100,  77
77160, 78.8
77220, 80.6
77280, 82.4
77340, 84.2
77400,  86
77460, 87.6
77520, 89.2
77580, 90.8
77640, 92.4
77700,  94
77760, 91.6
77820, 89.2
77880, 86.8
77940, 84.4
78000,  82
78060, 79.6
78120, 77.2
78180, 74.8
78240, 72.4
78300,  70
78360, 68.2
78420, 66.4
78480, 64.6
78540, 62.8
78600,  61
78660, 60.8
78720, 60.6
78780, 60.4
78840, 60.2
78900,  60
78960, 59.4
79020, 58.8
79080, 58.2
79140, 57.6
79200,  57
79260, 56.8
79320, 56.6
79380, 56.4
79440, 56.2
79500,  56
79560, 55.4
79620, 54.8
79680, 54.2
79740, 53.6
79800,  53
79860, 52.4
79920, 51.8
79980, 51.2
80040, 50.6
80100,  50
80160, 50.8
80220, 51.6
80280, 52.4
80340, 53.2
80400,  54
80460, 55
80520, 56
80580, 57
80640, 58
80700,  59
80760, 60.2
80820, 61.4
80880, 62.6
80940, 63.8
81000,  65
81060, 65.4
81120, 65.8
81180, 66.2
81240, 66.6
81300,  67
81360, 66.2
81420, 65.4
81480, 64.6
81540, 63.8
81600,  63
81660, 62.8
81720, 62.6
81780, 62.4
81840, 62.2
81900,  62
81960, 62.8
82020, 63.6
82080, 64.4
82140, 65.2
82200,  66
82260, 67
82320, 68
82380, 69
82440, 70
82500,  71
82560, 70.6
82620, 70.2
82680, 69.8
82740, 69.4
82800,  69
82860, 67.8
82920, 66.6
82980, 65.4
83040, 64.2
83100,  63
83160,  63
83220,  63
83280,  63
83340,  63
83400,  63
83460,  63
83520,  63
83580,  63
83640,  63
83700,  63
83760,  63
83820, 62.85
83880, 62.7
83940, 62.55
84000, 62.4
84060, 62.25
84120, 62.1
84180, 61.95
84240, 61.8
84300, 61.65
84360, 61.5
84420, 61.35
84480, 61.2
84540, 61.05
84600, 60.9
84660, 60.75
84720, 60.6
84780, 60.45
84840, 60.3
84900, 60.15
84960, 60
85020, 59.85
85080, 59.7
85140, 59.55
85200, 59.4
85260, 59.25
85320, 59.1
85380, 58.95
85440, 58.8
85500, 58.65
85560, 58.5
85620, 58.35
85680, 58.2
85740, 58.05
85800, 57.9
85860, 57.75
85920, 57.6
85980, 57.45
86040, 57.3
86100, 57.15
86160, 57
86220, 56.85
86280, 56.7
86340, 56.55
86400, 56.4
86460, 56.25
86520, 56.1
86580, 55.95
86640, 55.8
86700, 55.65
86760, 55.5
86820, 55.35
86880, 55.2
86940, 55.05
87000, 54.9
87060, 54.75
87120, 54.6
87180, 54.45
87240, 54.3
87300, 54.15
87360,  54
87420, 53.8
87480, 53.6
87540, 53.4
87600, 53.2
87660,  53
87720, 53.2
87780, 53.4
87840, 53.6
87900, 53.8
87960,  54
88020, 54
88080, 54
88140, 54
88200, 54
88260,  54
88320, 53.6
88380, 53.2
88440, 52.8
88500, 52.4
88560,  52
88620, 51.6
88680, 51.2
88740, 50.8
88800, 50.4
88860,  50
88920, 49.4
88980, 48.8
89040, 48.2
89100, 47.6
89160,  47
89220, 46.2
89280, 45.4
89340, 44.6
89400, 43.8
89460,  43
89520, 42.6
89580, 42.2
89640, 41.8
89700, 41.4
89760,  41
89820, 41.4
89880, 41.8
89940, 42.2
90000, 42.6
90060,  43
90120, 43
90180, 43
90240, 43
90300, 43
90360,  43
90420, 42.8
90480, 42.6
90540, 42.4
90600, 42.2
90660,  42
90720, 42
90780, 42
90840, 42
90900, 42
90960,  42
91020, 42
91080, 42
91140, 42
91200, 42
91260,  42
91320, 41.8
91380, 41.6
91440, 41.4
91500, 41.2
91560,  41
91620, 40.8
91680, 40.6
91740, 40.4
91800, 40.2
91860,  40
91920, 39.6
91980, 39.2
92040, 38.8
92100, 38.4
92160,  38
92220, 38
92280, 38
92340, 38
92400, 38
92460,  38
92520, 38.2
92580, 38.4
92640, 38.6
92700, 38.8
92760,  39
92820, 39
92880, 39
92940, 39
93000, 39
93060,  39
93120, 39
93180, 39
93240, 39
93300, 39
93360,  39
93420, 38.8
93480, 38.6
93540, 38.4
93600, 38.2
93660,  38
93720, 37.6
93780, 37.2
93840, 36.8
93900, 36.4
93960,  36
94020, 35.8
94080, 35.6
94140, 35.4
94200, 35.2
94260,  35
94320, 36.2
94380, 37.4
94440, 38.6
94500, 39.8
94560,  41
94620, 41.2
94680, 41.4
94740, 41.6
94800, 41.8
94860,  42
94920, 42
94980, 42
95040, 42
95100, 42
95160,  42
95220, 42.4
95280, 42.8
95340, 43.2
95400, 43.6
95460,  44
95520, 43.2
95580, 42.4
95640, 41.6
95700, 40.8
95760,  40
95820, 40.4
95880, 40.8
95940, 41.2
96000, 41.6
96060,  42
96120, 43.6
96180, 45.2
96240, 46.8
96300, 48.4
96360,  50
96420, 50.8
96480, 51.6
96540, 52.4
96600, 53.2
96660,  54
96720, 54.6
96780, 55.2
96840, 55.8
96900, 56.4
96960,  57
97020, 57.2
97080, 57.4
97140, 57.6
97200, 57.8
97260,  58
97320, 58.8
97380, 59.6
97440, 60.4
97500, 61.2
97560,  62
97620, 62.4
97680, 62.8
97740, 63.2
97800, 63.6
97860,  64
97920, 65.8
97980, 67.6
98040, 69.4
98100, 71.2
98160,  73
98220, 74
98280, 75
98340, 76
98400, 77
98460,  78
98520, 78.8
98580, 79.6
98640, 80.4
98700, 81.2
98760,  82
98820, 81.6
98880, 81.2
98940, 80.8
99000, 80.4
99060,  80
99120, 81
99180, 82
99240, 83
99300, 84
99360,  85
99420, 85.6
99480, 86.2
99540, 86.8
99600, 87.4
99660,  88
99720, 87.2
99780, 86.4
99840, 85.6
99900, 84.8
99960,  84
100020, 84.2
100080, 84.4
100140, 84.6
100200, 84.8
100260,  85
100320, 86.2
100380, 87.4
100440, 88.6
100500, 89.8
100560,  91
100620, 91.6
100680, 92.2
100740, 92.8
100800, 93.4
100860,  94
100920, 94
100980, 94
101040, 94
101100, 94
101160,  94
101220, 93.4
101280, 92.8
101340, 92.2
101400, 91.6
101460,  91
101520, 91.2
101580, 91.4
101640, 91.6
101700, 91.8
101760,  92
101820, 91.6
101880, 91.2
101940, 90.8
102000, 90.4
102060,  90
102120, 90.4
102180, 90.8
102240, 91.2
102300, 91.6
102360,  92
102420, 91.8
102480, 91.6
102540, 91.4
102600, 91.2
102660,  91
102720, 90
102780, 89
102840, 88
102900, 87
102960,  86
103020, 84.6
103080, 83.2
103140, 81.8
103200, 80.4
103260,  79
103320, 77.8
103380, 76.6
103440, 75.4
103500, 74.2
103560,  73
103620, 74
103680, 75
103740, 76
103800, 77
103860,  78
103920, 79.2
103980, 80.4
104040, 81.6
104100, 82.8
104160,  84
104220, 83
104280, 82
104340, 81
104400, 80
104460,  79
104520, 77
104580, 75
104640, 73
104700, 71
104760,  69
104820, 68.2
104880, 67.4
104940, 66.6
105000, 65.8
105060,  65
105120, 65
105180, 65
105240, 65
105300, 65
105360,  65
105420, 65.2
105480, 65.4
105540, 65.6
105600, 65.8
105660,  66
105720, 66.8
105780, 67.6
105840, 68.4
105900, 69.2
105960,  70
106020, 70.4
106080, 70.8
106140, 71.2
106200, 71.6
106260,  72
106320, 71.6
106380, 71.2
106440, 70.8
106500, 70.4
106560,  70
106620, 69.2
106680, 68.4
106740, 67.6
106800, 66.8
106860,  66
106920, 65
106980, 64
107040, 63
107100, 62
107160,  61
107220, 61
107280, 61
107340, 61
107400, 61
107460,  61
107520, 60.2
107580, 59.4
107640, 58.6
107700, 57.8
107760,  57
107820, 57.4
107880, 57.8
107940, 58.2
108000, 58.6
108060,  59
108120, 59
108180, 59
108240, 59
108300, 59
108360,  59
108420, 59
108480, 59
108540, 59
108600, 59
108660,  59
108720, 59.6
108780, 60.2
108840, 60.8
108900, 61.4
108960,  62
109020, 62.4
109080, 62.8
109140, 63.2
109200, 63.6
109260,  64
109320, 65.4
109380, 66.8
109440, 68.2
109500, 69.6
109560,  71
109620, 71.2
109680, 71.4
109740, 71.6
109800, 71.8
109860,  72
109920, 71
109980, 70
110040, 69
110100, 68
110160,  67
110220, 66.6
110280, 66.2
110340, 65.8
110400, 65.4
110460,  65
110520, 64.8
110580, 64.6
110640, 64.4
110700, 64.2
110760,  64
110820, 64.4
110880, 64.8
110940, 65.2
111000, 65.6
111060,  66
111120, 66.4
111180, 66.8
111240, 67.2
111300, 67.6
111360,  68
111420, 68.8
111480, 69.6
111540, 70.4
111600, 71.2
111660,  72
111720, 72.6
111780, 73.2
111840, 73.8
111900, 74.4
111960,  75
112020, 75.8
112080, 76.6
112140, 77.4
112200, 78.2
112260,  79
112320, 79.6
112380, 80.2
112440, 80.8
112500, 81.4
112560,  82
112620, 82.4
112680, 82.8
112740, 83.2
112800, 83.6
112860,  84
112920, 84.2
112980, 84.4
113040, 84.6
113100, 84.8
113160,  85
113220, 85.2
113280, 85.4
113340, 85.6
113400, 85.8
113460,  86
113520, 86.8
113580, 87.6
113640, 88.4
113700, 89.2
113760, 90
113820, 90.8
113880, 91.6
113940, 92.4
114000, 93.2
114060,  94
114120, 94.8
114180, 95.6
114240, 96.4
114300, 97.2
114360,  98
114420, 98.6
114480, 99.2
114540, 99.8
114600, 100.4
114660,  101
114720, 101.2
114780, 101.4
114840, 101.6
114900, 101.8
114960,  102
115020, 102.6
115080, 103.2
115140, 103.8
115200, 104.4
115260,  105
115320, 104.8
115380, 104.6
115440, 104.4
115500, 104.2
115560,  104
115620, 103.6
115680, 103.2
115740, 102.8
115800, 102.4
115860,  102
115920, 102.4
115980, 102.8
116040, 103.2
116100, 103.6
116160,  104
116220, 104
116280, 104
116340, 104
116400, 104
116460,  104
116520, 103.8
116580, 103.6
116640, 103.4
116700, 103.2
116760,  103
116820, 103.6
116880, 104.2
116940, 104.8
117000, 105.4
117060,  106
117120, 107.4
117180, 108.8
117240, 110.2
117300, 111.6
117360,  113
117420, 112
117480, 111
117540, 110
117600, 109
117660,  108
117720, 107.8
117780, 107.6
117840, 107.4
117900, 107.2
117960,  107
118020, 107.4
118080, 107.8
118140, 108.2
118200, 108.6
118260,  109
118320, 108.8
118380, 108.6
118440, 108.4
118500, 108.2
118560,  108
118620, 108
118680, 108
118740, 108
118800, 108
118860,  108
118920, 108
118980, 108
119040, 108
119100, 108
119160,  108
119220, 106.6
119280, 105.2
119340, 103.8
119400, 102.4
119460,  101
119520, 100.2
119580, 99.4
119640, 98.6
119700, 97.8
119760,  97
119820, 96.2
119880, 95.4
119940, 94.6
120000, 93.8
120060,  93
120120, 92.2
120180, 91.4
120240, 90.6
120300, 89.8
120360,  89
120420, 89
120480, 89
120540, 89
120600, 89
120660,  89
120720, 90.2
120780, 91.4
120840, 92.6
120900, 93.8
120960,  95
121020, 96
121080, 97
121140, 98
121200, 99
121260,  100
121320, 100.4
121380, 100.8
121440, 101.2
121500, 101.6
121560,  102
121620, 101.8
121680, 101.6
121740, 101.4
121800, 101.2
121860,  101
121920, 100.4
121980, 99.8
122040, 99.2
122100, 98.6
122160,  98
122220, 98
122280, 98
122340, 98
122400, 98
122460,  98
122520, 98
122580, 98
122640, 98
122700, 98
122760,  98
122820, 98
122880, 98
122940, 98
123000, 98
123060,  98
123120, 97.2
123180, 96.4
123240, 95.6
123300, 94.8
123360,  94
123420, 93.6
123480, 93.2
123540, 92.8
123600, 92.4
123660,  92
123720, 93
123780, 94
123840, 95
123900, 96
123960,  97
124020, 97.6
124080, 98.2
124140, 98.8
124200, 99.4
124260,  100
124320, 100.6
124380, 101.2
124440, 101.8
124500, 102.4
124560,  103
124620, 103.8
124680, 104.6
124740, 105.4
124800, 106.2
124860,  107
124920, 107
124980, 107
125040, 107
125100, 107
125160,  107
125220, 106.8
125280, 106.6
125340, 106.4
125400, 106.2
125460,  106
125520, 105.6
125580, 105.2
125640, 104.8
125700, 104.4
125760,  104
125820, 104
125880, 104
125940, 104
126000, 104
126060,  104
126120, 103.4
126180, 102.8
126240, 102.2
126300, 101.6
126360,  101
126420, 100.6
126480, 100.2
126540, 99.8
126600, 99.4
126660,  99
126720, 98.8
126780, 98.6
126840, 98.4
126900, 98.2
126960,  98
127020, 97.8
127080, 97.6
127140, 97.4
127200, 97.2
127260,  97
127320, 97.6
127380, 98.2
127440, 98.8
127500, 99.4
127560,  100
127620, 99.8
127680, 99.6
127740, 99.4
127800, 99.2
127860,  99
127920, 97.8
127980, 96.6
128040, 95.4
128100, 94.2
128160,  93
128220, 93.2
128280, 93.4
128340, 93.6
128400, 93.8
128460,  94
128520, 94.2
128580, 94.4
128640, 94.6
128700, 94.8
128760,  95
128820, 94.2
128880, 93.4
128940, 92.6
129000, 91.8
129060,  91
129120, 90.6
129180, 90.2
129240, 89.8
129300, 89.4
129360,  89
129420, 89.6
129480, 90.2
129540, 90.8
129600, 91.4
129660,  92
129720, 92.4
129780, 92.8
129840, 93.2
129900, 93.6
129960,  94
130020, 94
130080, 94
130140, 94
130200, 94
130260,  94
130320, 94.8
130380, 95.6
130440, 96.4
130500, 97.2
130560,  98
130620, 97.8
130680, 97.6
130740, 97.4
130800, 97.2
130860,  97
130920, 97.2
130980, 97.4
131040, 97.6
131100, 97.8
131160,  98
131220, 97
131280, 96
131340, 95
131400, 94
131460,  93
131520, 92.8
131580, 92.6
131640, 92.4
131700, 92.2
131760,  92
131820, 92.4
131880, 92.8
131940, 93.2
132000, 93.6
132060,  94
132120, 94.6
132180, 95.2
132240, 95.8
132300, 96.4
132360,  97
132420, 96.8
132480, 96.6
132540, 96.4
132600, 96.2
132660,  96
132720, 95
132780, 94
132840, 93
132900, 92
132960,  91
133020, 90.4
133080, 89.8
133140, 89.2
133200, 88.6
133260,  88
133320, 88.8
133380, 89.6
133440, 90.4
133500, 91.2
133560,  92
133620, 92.2
133680, 92.4
133740, 92.6
133800, 92.8
133860,  93
133920, 92.4
133980, 91.8
134040, 91.2
134100, 90.6
134160,  90
134220, 88.4
134280, 86.8
134340, 85.2
134400, 83.6
134460,  82
134520, 82.8
134580, 83.6
134640, 84.4
134700, 85.2
134760,  86
134820, 86.4
134880, 86.8
134940, 87.2
135000, 87.6
135060,  88
135120, 87.6
135180, 87.2
135240, 86.8
135300, 86.4
135360,  86
135420, 85.2
135480, 84.4
135540, 83.6
135600, 82.8
135660,  82
135720, 81.6
135780, 81.2
135840, 80.8
135900, 80.4
135960,  80
136020, 80.2
136080, 80.4
136140, 80.6
136200, 80.8
136260,  81
136320, 81.8
136380, 82.6
136440, 83.4
136500, 84.2
136560,  85
136620, 85.6
136680, 86.2
136740, 86.8
136800, 87.4
136860,  88
136920, 87.6
136980, 87.2
137040, 86.8
137100, 86.4
137160,  86
137220, 85.4
137280, 84.8
137340, 84.2
137400, 83.6
137460,  83
137520, 83.4
137580, 83.8
137640, 84.2
137700, 84.6
137760,  85
137820, 84.6
137880, 84.2
137940, 83.8
138000, 83.4
138060,  83
138120, 83.4
138180, 83.8
138240, 84.2
138300, 84.6
138360,  85
138420, 87
138480, 89
138540, 91
138600, 93
138660,  95
138720, 96.4
138780, 97.8
138840, 99.2
138900, 100.6
138960,  102
139020, 103
139080, 104
139140, 105
139200, 106
139260,  107
139320, 107
139380, 107
139440, 107
139500, 107
139560,  107
139620, 108.6
139680, 110.2
139740, 111.8
139800, 113.4
139860,  115
139920, 115.2
139980, 115.4
140040, 115.6
140100, 115.8
140160,  116
140220, 117.8
140280, 119.6
140340, 121.4
140400, 123.2
140460,  125
140520, 125.4
140580, 125.8
140640, 126.2
140700, 126.6
140760,  127
140820, 127.6
140880, 128.2
140940, 128.8
141000, 129.4
141060,  130
141120, 129.6
141180, 129.2
141240, 128.8
141300, 128.4
141360,  128
141420, 129
141480, 130
141540, 131
141600, 132
141660,  133
141720, 133.6
141780, 134.2
141840, 134.8
141900, 135.4
141960,  136
142020, 137.4
142080, 138.8
142140, 140.2
142200, 141.6
142260,  143
142320, 141.6
142380, 140.2
142440, 138.8
142500, 137.4
142560,  136
142620, 134.8
142680, 133.6
142740, 132.4
142800, 131.2
142860,  130
142920, 129.6
142980, 129.2
143040, 128.8
143100, 128.4
143160,  128
143220, 128.8
143280, 129.6
143340, 130.4
143400, 131.2
143460,  132
143520, 131.6
143580, 131.2
143640, 130.8
143700, 130.4
143760,  130
143820, 130.2
143880, 130.4
143940, 130.6
144000, 130.8
144060,  131
144120, 133
144180, 135
144240, 137
144300, 139
144360,  141
144420, 142.6
144480, 144.2
144540, 145.8
144600, 147.4
144660,  149
144720, 150.6
144780, 152.2
144840, 153.8
144900, 155.4
144960,  157
145020, 158.4
145080, 159.8
145140, 161.2
145200, 162.6
145260,  164
145320, 166.8
145380, 169.6
145440, 172.4
145500, 175.2
145560,  178
145620, 179.8
145680, 181.6
145740, 183.4
145800, 185.2
145860,  187
145920, 190.4
145980, 193.8
146040, 197.2
146100, 200.6
146160,  204
146220, 207.6
146280, 211.2
146340, 214.8
146400, 218.4
146460,  222
146520, 225
146580, 228
146640, 231
146700, 234
146760,  237
146820, 239
146880, 241
146940, 243
147000, 245
147060,  247
147120, 247.8
147180, 248.6
147240, 249.4
147300, 250.2
147360,  251
147420, 252.8
147480, 254.6
147540, 256.4
147600, 258.2
147660,  260
147720, 263
147780, 266
147840, 269
147900, 272
147960,  275
148020, 277.4
148080, 279.8
148140, 282.2
148200, 284.6
148260,  287
148320, 288
148380, 289
148440, 290
148500, 291
148560,  292
148620, 291.6
148680, 291.2
148740, 290.8
148800, 290.4
148860,  290
148920, 293.6
148980, 297.2
149040, 300.8
149100, 304.4
149160,  308
149220, 308.333333333333
149280, 308.666666666667
149340, 309
149400, 309.333333333333
149460, 309.666666666667
149520, 310
149580, 310.333333333333
149640, 310.666666666667
149700, 311
149760, 311.333333333333
149820, 311.666666666667
149880, 312
149940, 312.333333333333
150000, 312.666666666667
150060,  313
150120,  313
150180, 310.1
150240, 307.2
150300, 304.3
150360, 301.4
150420, 298.5
150480, 295.6
150540, 292.7
150600, 289.8
150660, 286.9
150720,  284
150780, 283.6
150840, 283.2
150900, 282.8
150960, 282.4
151020,  282
151080, 281.4
151140, 280.8
151200, 280.2
151260, 279.6
151320,  279
151380, 278.8
151440, 278.6
151500, 278.4
151560, 278.2
151620,  278
151680, 279.4
151740, 280.8
151800, 282.2
151860, 283.6
151920,  285
151980, 284.6
152040, 284.2
152100, 283.8
152160, 283.4
152220,  283
152280, 282.4
152340, 281.8
152400, 281.2
152460, 280.6
152520,  280
152580, 278.8
152640, 277.6
152700, 276.4
152760, 275.2
152820,  274
152880, 271.2
152940, 268.4
153000, 265.6
153060, 262.8
153120,  260
153180, 259.4
153240, 258.8
153300, 258.2
153360, 257.6
153420,  257
153480, 256.6
153540, 256.2
153600, 255.8
153660, 255.4
153720,  255
153780,  255
153840, 255.8
153900, 256.6
153960, 257.4
154020, 258.2
154080, 259
154140, 259.8
154200, 260.6
154260, 261.4
154320, 262.2
154380,  263
154440, 263.8
154500, 264.6
154560, 265.4
154620, 266.2
154680,  267
154740, 268
154800, 269
154860, 270
154920, 271
154980,  272
155040, 272.2
155100, 272.4
155160, 272.6
155220, 272.8
155280,  273
155340, 269
155400, 265
155460, 261
155520, 257
155580,  253
155640, 250.2
155700, 247.4
155760, 244.6
155820, 241.8
155880,  239
155940, 238
156000, 237
156060, 236
156120, 235
156180,  234
156240, 235.4
156300, 236.8
156360, 238.2
156420, 239.6
156480,  241
156540, 243.2
156600, 245.4
156660, 247.6
156720, 249.8
156780,  252
156840, 253.4
156900, 254.8
156960, 256.2
157020, 257.6
157080,  259
157140, 260.6
157200, 262.2
157260, 263.8
157320, 265.4
157380,  267
157440,  267
157500, 265.8
157560, 264.6
157620, 263.4
157680, 262.2
157740, 261
157800, 259.8
157860, 258.6
157920, 257.4
157980, 256.2
158040,  255
158100, 252.8
158160, 250.6
158220, 248.4
158280, 246.2
158340,  244
158400, 243.2
158460, 242.4
158520, 241.6
158580, 240.8
158640,  240
158700, 239.4
158760, 238.8
158820, 238.2
158880, 237.6
158940,  237
159000, 236.8
159060, 236.6
159120, 236.4
159180, 236.2
159240,  236
159300, 237.6
159360, 239.2
159420, 240.8
159480, 242.4
159540,  244
159600, 245.4
159660, 246.8
159720, 248.2
159780, 249.6
159840,  251
159900, 251
159960, 251
160020, 251
160080, 251
160140,  251
160200, 251.8
160260, 252.6
160320, 253.4
160380, 254.2
160440,  255
160500, 254.6
160560, 254.2
160620, 253.8
160680, 253.4
160740,  253
160800, 251.6
160860, 250.2
160920, 248.8
160980, 247.4
161040,  246
161100,  246
161160, 247
161220, 248
161280, 249
161340, 250
161400, 251
161460, 252
161520, 253
161580, 254
161640, 255
161700,  256
161760, 255.8
161820, 255.6
161880, 255.4
161940, 255.2
162000,  255
162060, 256.6
162120, 258.2
162180, 259.8
162240, 261.4
162300,  263
162360, 266.8
162420, 270.6
162480, 274.4
162540, 278.2
162600,  282
162660, 282.2
162720, 282.4
162780, 282.6
162840, 282.8
162900,  283
162960, 282.8
163020, 282.6
163080, 282.4
163140, 282.2
163200,  282
163260, 282.4
163320, 282.8
163380, 283.2
163440, 283.6
163500,  284
163560, 285
163620, 286
163680, 287
163740, 288
163800,  289
163860, 288.6
163920, 288.2
163980, 287.8
164040, 287.4
164100,  287
164160, 286.6
164220, 286.2
164280, 285.8
164340, 285.4
164400,  285
164460, 286.4
164520, 287.8
164580, 289.2
164640, 290.6
164700,  292
164760, 292.2
164820, 292.4
164880, 292.6
164940, 292.8
165000,  293
165060, 293
165120, 293
165180, 293
165240, 293
165300,  293
165360, 295.6
165420, 298.2
165480, 300.8
165540, 303.4
165600,  306
165660, 308.8
165720, 311.6
165780, 314.4
165840, 317.2
165900,  320
165960, 325.2
166020, 330.4
166080, 335.6
166140, 340.8
166200,  346
166260, 351.8
166320, 357.6
166380, 363.4
166440, 369.2
166500,  375
166560, 376
166620, 377
166680, 378
166740, 379
166800,  380
166860, 377.2
166920, 374.4
166980, 371.6
167040, 368.8
167100,  366
167160, 366.2
167220, 366.4
167280, 366.6
167340, 366.8
167400,  367
167460, 369.8
167520, 372.6
167580, 375.4
167640, 378.2
167700,  381
167760, 382.8
167820, 384.6
167880, 386.4
167940, 388.2
168000,  390
168060, 392.6
168120, 395.2
168180, 397.8
168240, 400.4
168300,  403
168360, 404.4
168420, 405.8
168480, 407.2
168540, 408.6
168600,  410
168660, 409.6
168720, 409.2
168780, 408.8
168840, 408.4
168900,  408
168960, 412
169020, 416
169080, 420
169140, 424
169200,  428
169260, 435.8
169320, 443.6
169380, 451.4
169440, 459.2
169500,  467
169560, 470.8
169620, 474.6
169680, 478.4
169740, 482.2
169800,  486
169860, 489.4
169920, 492.8
169980, 496.2
170040, 499.6
170100,  503
170160, 509.6
170220, 516.2
170280, 522.8
170340, 529.4
170400,  536
170460,  536
170520,  536
170580,  536
170640,  536
170700,  536
170760,  536
170820,  536
170880,  536
170940,  536
171000,  536
171060,  536
171120, 536.016666666667
171180, 536.033333333333
171240, 536.05
171300, 536.066666666667
171360, 536.083333333333
171420, 536.1
171480, 536.116666666667
171540, 536.133333333333
171600, 536.15
171660, 536.166666666667
171720, 536.183333333333
171780, 536.2
171840, 536.216666666667
171900, 536.233333333333
171960, 536.25
172020, 536.266666666667
172080, 536.283333333333
172140, 536.3
172200, 536.316666666667
172260, 536.333333333333
172320, 536.35
172380, 536.366666666667
172440, 536.383333333333
172500, 536.4
172560, 536.416666666667
172620, 536.433333333333
172680, 536.45
172740, 536.466666666667
172800, 536.483333333333
172860, 536.5
172920, 536.516666666667
172980, 536.533333333333
173040, 536.55
173100, 536.566666666667
173160, 536.583333333333
173220, 536.6
173280, 536.616666666667
173340, 536.633333333333
173400, 536.65
173460, 536.666666666667
173520, 536.683333333333
173580, 536.7
173640, 536.716666666667
173700, 536.733333333333
173760, 536.75
173820, 536.766666666667
173880, 536.783333333333
173940, 536.8
174000, 536.816666666667
174060, 536.833333333333
174120, 536.85
174180, 536.866666666667
174240, 536.883333333333
174300, 536.9
174360, 536.916666666667
174420, 536.933333333333
174480, 536.95
174540, 536.966666666667
174600, 536.983333333333
174660,  537
174720, 541.8
174780, 546.6
174840, 551.4
174900, 556.2
174960,  561
175020, 565.2
175080, 569.4
175140, 573.6
175200, 577.8
175260,  582
175320, 583.2
175380, 584.4
175440, 585.6
175500, 586.8
175560,  588
175620, 589.4
175680, 590.8
175740, 592.2
175800, 593.6
175860,  595
175920, 596
175980, 597
176040, 598
176100, 599
176160,  600
176220, 602.2
176280, 604.4
176340, 606.6
176400, 608.8
176460,  611
176520, 613
176580, 615
176640, 617
176700, 619
176760,  621
176820, 617.6
176880, 614.2
176940, 610.8
177000, 607.4
177060,  604
177120, 607
177180, 610
177240, 613
177300, 616
177360,  619
177420, 623.8
177480, 628.6
177540, 633.4
177600, 638.2
177660,  643
177720, 645.4
177780, 647.8
177840, 650.2
177900, 652.6
177960,  655
178020, 656.6
178080, 658.2
178140, 659.8
178200, 661.4
178260,  663
178320, 661.8
178380, 660.6
178440, 659.4
178500, 658.2
178560,  657
178620, 660.2
178680, 663.4
178740, 666.6
178800, 669.8
178860,  673
178920, 674.8
178980, 676.6
179040, 678.4
179100, 680.2
179160,  682
179220, 672.6
179280, 663.2
179340, 653.8
179400, 644.4
179460,  635
179520, 631.4
179580, 627.8
179640, 624.2
179700, 620.6
179760,  617
179820, 616.2
179880, 615.4
179940, 614.6
180000, 613.8
180060,  613
180120, 612.6
180180, 612.2
180240, 611.8
180300, 611.4
180360,  611
180420, 615.4
180480, 619.8
180540, 624.2
180600, 628.6
180660,  633
180720, 637.6
180780, 642.2
180840, 646.8
180900, 651.4
180960,  656
181020, 657.6
181080, 659.2
181140, 660.8
181200, 662.4
181260,  664
181320, 663.4
181380, 662.8
181440, 662.2
181500, 661.6
181560,  661
181620, 662.4
181680, 663.8
181740, 665.2
181800, 666.6
181860,  668
181920, 669
181980, 670
182040, 671
182100, 672
182160,  673
182220, 676.4
182280, 679.8
182340, 683.2
182400, 686.6
182460,  690
182520, 696
182580, 702
182640, 708
182700, 714
182760,  720
182820, 725
182880, 730
182940, 735
183000, 740
183060,  745
183120, 745.2
183180, 745.4
183240, 745.6
183300, 745.8
183360,  746
183420, 743.2
183480, 740.4
183540, 737.6
183600, 734.8
183660,  732
183720, 729.4
183780, 726.8
183840, 724.2
183900, 721.6
183960,  719
184020, 714.8
184080, 710.6
184140, 706.4
184200, 702.2
184260,  698
184320, 713.2
184380, 728.4
184440, 743.6
184500, 758.8
184560,  774
184620, 778.6
184680, 783.2
184740, 787.8
184800, 792.4
184860,  797
184920, 799.4
184980, 801.8
185040, 804.2
185100, 806.6
185160,  809
185220, 813.8
185280, 818.6
185340, 823.4
185400, 828.2
185460,  833
185520, 833.2
185580, 833.4
185640, 833.6
185700, 833.8
185760,  834
185820, 835.2
185880, 836.4
185940, 837.6
186000, 838.8
186060,  840
186120, 837.2
186180, 834.4
186240, 831.6
186300, 828.8
186360,  826
186420, 825.8
186480, 825.6
186540, 825.4
186600, 825.2
186660,  825
186720, 821
186780, 817
186840, 813
186900, 809
186960,  805
187020, 798.2
187080, 791.4
187140, 784.6
187200, 777.8
187260,  771
187320, 774
187380, 777
187440, 780
187500, 783
187560,  786
187620, 793.8
187680, 801.6
187740, 809.4
187800, 817.2
187860,  825
187920, 824.2
187980, 823.4
188040, 822.6
188100, 821.8
188160,  821
188220, 817
188280, 813
188340, 809
188400, 805
188460,  801
188520, 797.8
188580, 794.6
188640, 791.4
188700, 788.2
188760,  785
188820, 788.4
188880, 791.8
188940, 795.2
189000, 798.6
189060,  802
189120, 804.4
189180, 806.8
189240, 809.2
189300, 811.6
189360,  814
189420, 819.6
189480, 825.2
189540, 830.8
189600, 836.4
189660,  842
189720, 844.4
189780, 846.8
189840, 849.2
189900, 851.6
189960,  854
190020, 853
190080, 852
190140, 851
190200, 850
190260,  849
190320, 851.6
190380, 854.2
190440, 856.8
190500, 859.4
190560,  862
190620, 865.2
190680, 868.4
190740, 871.6
190800, 874.8
190860,  878
190920, 876.4
190980, 874.8
191040, 873.2
191100, 871.6
191160,  870
191220, 862
191280, 854
191340, 846
191400, 838
191460,  830
191520, 826.4
191580, 822.8
191640, 819.2
191700, 815.6
191760,  812
191820, 812.2
191880, 812.4
191940, 812.6
192000, 812.8
192060,  813
192120, 812
192180, 811
192240, 810
192300, 809
192360,  808
192420, 807.2
192480, 806.4
192540, 805.6
192600, 804.8
192660,  804
192720, 811.2
192780, 818.4
192840, 825.6
192900, 832.8
192960,  840
193020, 839
193080, 838
193140, 837
193200, 836
193260,  835
193320, 831.8
193380, 828.6
193440, 825.4
193500, 822.2
193560,  819
193620, 821.8
193680, 824.6
193740, 827.4
193800, 830.2
193860,  833
193920, 839.8
193980, 846.6
194040, 853.4
194100, 860.2
194160,  867
194220, 864.8
194280, 862.6
194340, 860.4
194400, 858.2
194460,  856
194520, 855.8
194580, 855.6
194640, 855.4
194700, 855.2
194760,  855
194820, 857.6
194880, 860.2
194940, 862.8
195000, 865.4
195060,  868
195120, 867.2
195180, 866.4
195240, 865.6
195300, 864.8
195360,  864
195420, 865.6
195480, 867.2
195540, 868.8
195600, 870.4
195660,  872
195720, 872.6
195780, 873.2
195840, 873.8
195900, 874.4
195960,  875
196020, 874.6
196080, 874.2
196140, 873.8
196200, 873.4
196260,  873
196320, 874.6
196380, 876.2
196440, 877.8
196500, 879.4
196560,  881
196620, 885.8
196680, 890.6
196740, 895.4
196800, 900.2
196860,  905
196920, 905
196980, 905
197040, 905
197100, 905
197160,  905
197220, 901.8
197280, 898.6
197340, 895.4
197400, 892.2
197460,  889
197520, 885.6
197580, 882.2
197640, 878.8
197700, 875.4
197760,  872
197820, 864.8
197880, 857.6
197940, 850.4
198000, 843.2
198060,  836
198120, 833.4
198180, 830.8
198240, 828.2
198300, 825.6
198360,  823
198420, 825.8
198480, 828.6
198540, 831.4
198600, 834.2
198660,  837
198720, 842.4
198780, 847.8
198840, 853.2
198900, 858.6
198960,  864
199020, 863.4
199080, 862.8
199140, 862.2
199200, 861.6
199260,  861
199320, 858
199380, 855
199440, 852
199500, 849
199560,  846
199620, 842.6
199680, 839.2
199740, 835.8
199800, 832.4
199860,  829
199920, 833
199980, 837
200040, 841
200100, 845
200160,  849
200220, 860.2
200280, 871.4
200340, 882.6
200400, 893.8
200460,  905
200520, 908.8
200580, 912.6
200640, 916.4
200700, 920.2
200760,  924
200820, 927.6
200880, 931.2
200940, 934.8
201000, 938.4
201060,  942
201120, 940.4
201180, 938.8
201240, 937.2
201300, 935.6
201360,  934
201420, 931.8
201480, 929.6
201540, 927.4
201600, 925.2
201660,  923
201720, 916.6
201780, 910.2
201840, 903.8
201900, 897.4
201960,  891
202020, 888.8
202080, 886.6
202140, 884.4
202200, 882.2
202260,  880
202320, 884.4
202380, 888.8
202440, 893.2
202500, 897.6
202560,  902
202620, 912.2
202680, 922.4
202740, 932.6
202800, 942.8
202860,  953
202920, 947
202980, 941
203040, 935
203100, 929
203160,  923
203220, 917.6
203280, 912.2
203340, 906.8
203400, 901.4
203460,  896
203520, 892.4
203580, 888.8
203640, 885.2
203700, 881.6
203760,  878
203820, 876.6
203880, 875.2
203940, 873.8
204000, 872.4
204060,  871
204120, 869.4
204180, 867.8
204240, 866.2
204300, 864.6
204360,  863
204420, 864.8
204480, 866.6
204540, 868.4
204600, 870.2
204660,  872
204720, 876.2
204780, 880.4
204840, 884.6
204900, 888.8
204960,  893
205020, 895.6
205080, 898.2
205140, 900.8
205200, 903.4
205260,  906
205320, 914.8
205380, 923.6
205440, 932.4
205500, 941.2
205560,  950
205620, 961.4
205680, 972.8
205740, 984.2
205800, 995.6
205860,  1007
205920, 1012.4
205980, 1017.8
206040, 1023.2
206100, 1028.6
206160,  1034
206220, 1035.4
206280, 1036.8
206340, 1038.2
206400, 1039.6
206460,  1041
206520, 1037.2
206580, 1033.4
206640, 1029.6
206700, 1025.8
206760,  1022
206820, 1022.4
206880, 1022.8
206940, 1023.2
207000, 1023.6
207060,  1024
207120, 1024.8
207180, 1025.6
207240, 1026.4
207300, 1027.2
207360,  1028
207420, 1024.4
207480, 1020.8
207540, 1017.2
207600, 1013.6
207660,  1010
207720, 1010.4
207780, 1010.8
207840, 1011.2
207900, 1011.6
207960,  1012
208020, 1015.8
208080, 1019.6
208140, 1023.4
208200, 1027.2
208260,  1031
208320, 1026.6
208380, 1022.2
208440, 1017.8
208500, 1013.4
208560,  1009
208620, 1023
208680, 1037
208740, 1051
208800, 1065
208860,  1079
208920, 1086.2
208980, 1093.4
209040, 1100.6
209100, 1107.8
209160,  1115
209220, 1112.4
209280, 1109.8
209340, 1107.2
209400, 1104.6
209460,  1102
209520, 1104.2
209580, 1106.4
209640, 1108.6
209700, 1110.8
209760,  1113
209820, 1113.4
209880, 1113.8
209940, 1114.2
210000, 1114.6
210060,  1115
210120, 1114
210180, 1113
210240, 1112
210300, 1111
210360,  1110
210420, 1111.8
210480, 1113.6
210540, 1115.4
210600, 1117.2
210660,  1119
210720, 1120.6
210780, 1122.2
210840, 1123.8
210900, 1125.4
210960,  1127
211020, 1133
211080, 1139
211140, 1145
211200, 1151
211260,  1157
211320, 1161
211380, 1165
211440, 1169
211500, 1173
211560,  1177
211620, 1178.2
211680, 1179.4
211740, 1180.6
211800, 1181.8
211860,  1183
211920, 1184.2
211980, 1185.4
212040, 1186.6
212100, 1187.8
212160,  1189
212220, 1186
212280, 1183
212340, 1180
212400, 1177
212460,  1174
212520, 1173
212580, 1172
212640, 1171
212700, 1170
212760,  1169
212820, 1170
212880, 1171
212940, 1172
213000, 1173
213060,  1174
213120, 1172.2
213180, 1170.4
213240, 1168.6
213300, 1166.8
213360,  1165
213420, 1167.4
213480, 1169.8
213540, 1172.2
213600, 1174.6
213660,  1177
213720, 1178.4
213780, 1179.8
213840, 1181.2
213900, 1182.6
213960,  1184
214020, 1184.6
214080, 1185.2
214140, 1185.8
214200, 1186.4
214260,  1187
214320, 1189.4
214380, 1191.8
214440, 1194.2
214500, 1196.6
214560,  1199
214620, 1205.2
214680, 1211.4
214740, 1217.6
214800, 1223.8
214860,  1230
214920, 1236.6
214980, 1243.2
215040, 1249.8
215100, 1256.4
215160,  1263
215220, 1261
215280, 1259
215340, 1257
215400, 1255
215460,  1253
215520, 1248.8
215580, 1244.6
215640, 1240.4
215700, 1236.2
215760,  1232
215820, 1232.6
215880, 1233.2
215940, 1233.8
216000, 1234.4
216060,  1235
216120, 1233
216180, 1231
216240, 1229
216300, 1227
216360,  1225
216420, 1225.8
216480, 1226.6
216540, 1227.4
216600, 1228.2
216660,  1229
216720, 1229.6
216780, 1230.2
216840, 1230.8
216900, 1231.4
216960,  1232
217020, 1234.8
217080, 1237.6
217140, 1240.4
217200, 1243.2
217260,  1246
217320, 1251.2
217380, 1256.4
217440, 1261.6
217500, 1266.8
217560,  1272
217620, 1274
217680, 1276
217740, 1278
217800, 1280
217860,  1282
217920, 1287.2
217980, 1292.4
218040, 1297.6
218100, 1302.8
218160,  1308
218220, 1311.2
218280, 1314.4
218340, 1317.6
218400, 1320.8
218460,  1324
218520, 1327.8
218580, 1331.6
218640, 1335.4
218700, 1339.2
218760,  1343
218820, 1341.6
218880, 1340.2
218940, 1338.8
219000, 1337.4
219060,  1336
219120, 1335.8
219180, 1335.6
219240, 1335.4
219300, 1335.2
219360,  1335
219420, 1334.6
219480, 1334.2
219540, 1333.8
219600, 1333.4
219660,  1333
219720, 1336.6
219780, 1340.2
219840, 1343.8
219900, 1347.4
219960,  1351
220020, 1350.8
220080, 1350.6
220140, 1350.4
220200, 1350.2
220260,  1350
220320, 1348.4
220380, 1346.8
220440, 1345.2
220500, 1343.6
220560,  1342
220620, 1343.4
220680, 1344.8
220740, 1346.2
220800, 1347.6
220860,  1349
220920, 1350.2
220980, 1351.4
221040, 1352.6
221100, 1353.8
221160,  1355
221220, 1356.6
221280, 1358.2
221340, 1359.8
221400, 1361.4
221460,  1363
221520, 1360
221580, 1357
221640, 1354
221700, 1351
221760,  1348
221820, 1346.4
221880, 1344.8
221940, 1343.2
222000, 1341.6
222060,  1340
222120, 1342.6
222180, 1345.2
222240, 1347.8
222300, 1350.4
222360,  1353
222420, 1357.6
222480, 1362.2
222540, 1366.8
222600, 1371.4
222660,  1376
222720, 1374.2
222780, 1372.4
222840, 1370.6
222900, 1368.8
222960,  1367
223020, 1364.8
223080, 1362.6
223140, 1360.4
223200, 1358.2
223260,  1356
223320, 1353.4
223380, 1350.8
223440, 1348.2
223500, 1345.6
223560,  1343
223620, 1344.8
223680, 1346.6
223740, 1348.4
223800, 1350.2
223860,  1352
223920, 1354.6
223980, 1357.2
224040, 1359.8
224100, 1362.4
224160,  1365
224220, 1362.6
224280, 1360.2
224340, 1357.8
224400, 1355.4
224460,  1353
224520, 1352.4
224580, 1351.8
224640, 1351.2
224700, 1350.6
224760,  1350
224820, 1348.6
224880, 1347.2
224940, 1345.8
225000, 1344.4
225060,  1343
225120, 1343.6
225180, 1344.2
225240, 1344.8
225300, 1345.4
225360,  1346
225420, 1341.2
225480, 1336.4
225540, 1331.6
225600, 1326.8
225660,  1322
225720, 1320.4
225780, 1318.8
225840, 1317.2
225900, 1315.6
225960,  1314
226020, 1315.2
226080, 1316.4
226140, 1317.6
226200, 1318.8
226260,  1320
226320, 1323
226380, 1326
226440, 1329
226500, 1332
226560,  1335
226620, 1337
226680, 1339
226740, 1341
226800, 1343
226860,  1345
226920, 1343.8
226980, 1342.6
227040, 1341.4
227100, 1340.2
227160,  1339
227220, 1336.2
227280, 1333.4
227340, 1330.6
227400, 1327.8
227460,  1325
227520, 1320
227580, 1315
227640, 1310
227700, 1305
227760,  1300
227820, 1293
227880, 1286
227940, 1279
228000, 1272
228060,  1265
228120, 1263.6
228180, 1262.2
228240, 1260.8
228300, 1259.4
228360,  1258
228420, 1259
228480, 1260
228540, 1261
228600, 1262
228660,  1263
228720, 1257.2
228780, 1251.4
228840, 1245.6
228900, 1239.8
228960,  1234
229020, 1226.2
229080, 1218.4
229140, 1210.6
229200, 1202.8
229260,  1195
229320, 1190.2
229380, 1185.4
229440, 1180.6
229500, 1175.8
229560,  1171
229620, 1170.2
229680, 1169.4
229740, 1168.6
229800, 1167.8
229860,  1167
229920, 1165.8
229980, 1164.6
230040, 1163.4
230100, 1162.2
230160,  1161
230220, 1154.8
230280, 1148.6
230340, 1142.4
230400, 1136.2
230460,  1130
230520, 1126
230580, 1122
230640, 1118
230700, 1114
230760,  1110
230820, 1113
230880, 1116
230940, 1119
231000, 1122
231060,  1125
231120, 1119
231180, 1113
231240, 1107
231300, 1101
231360,  1095
231420, 1091
231480, 1087
231540, 1083
231600, 1079
231660,  1075
231720, 1072
231780, 1069
231840, 1066
231900, 1063
231960,  1060
232020, 1051.6
232080, 1043.2
232140, 1034.8
232200, 1026.4
232260,  1018
232320, 1015.8
232380, 1013.6
232440, 1011.4
232500, 1009.2
232560,  1007
232620, 1007.2
232680, 1007.4
232740, 1007.6
232800, 1007.8
232860,  1008
232920, 1002.6
232980, 997.2
233040, 991.8
233100, 986.4
233160,  981
233220, 978.6
233280, 976.2
233340, 973.8
233400, 971.4
233460,  969
233520, 966.8
233580, 964.6
233640, 962.4
233700, 960.2
233760,  958
233820, 950
233880, 942
233940, 934
234000, 926
234060,  918
234120, 910.4
234180, 902.8
234240, 895.2
234300, 887.6
234360,  880
234420, 876.4
234480, 872.8
234540, 869.2
234600, 865.6
234660,  862
234720, 855.6
234780, 849.2
234840, 842.8
234900, 836.4
234960,  830
235020, 822.2
235080, 814.4
235140, 806.6
235200, 798.8
235260,  791
235320, 785.8
235380, 780.6
235440, 775.4
235500, 770.2
235560,  765
235620, 758.8
235680, 752.6
235740, 746.4
235800, 740.2
235860,  734
235920, 729.8
235980, 725.6
236040, 721.4
236100, 717.2
236160,  713
236220, 711.4
236280, 709.8
236340, 708.2
236400, 706.6
236460,  705
236520, 696.8
236580, 688.6
236640, 680.4
236700, 672.2
236760,  664
236820, 659.4
236880, 654.8
236940, 650.2
237000, 645.6
237060,  641
237120, 638.4
237180, 635.8
237240, 633.2
237300, 630.6
237360,  628
237420, 624.2
237480, 620.4
237540, 616.6
237600, 612.8
237660,  609
237720, 602.6
237780, 596.2
237840, 589.8
237900, 583.4
237960,  577
238020, 572.8
238080, 568.6
238140, 564.4
238200, 560.2
238260,  556
238320, 553.8
238380, 551.6
238440, 549.4
238500, 547.2
238560, 545
238620, 542.8
238680, 540.6
238740, 538.4
238800, 536.2
238860,  534
238920, 532
238980, 530
239040, 528
239100, 526
239160,  524
239220, 522
239280, 520
239340, 518
239400, 516
239460,  514
239520, 509
239580, 504
239640, 499
239700, 494
239760,  489
239820, 487
239880, 485
239940, 483
240000, 481
240060,  479
240120, 476.2
240180, 473.4
240240, 470.6
240300, 467.8
240360,  465
240420, 466
240480, 467
240540, 468
240600, 469
240660,  470
240720, 467.6
240780, 465.2
240840, 462.8
240900, 460.4
240960,  458
241020, 451.6
241080, 445.2
241140, 438.8
241200, 432.4
241260,  426
241320, 412.4
241380, 398.8
241440, 385.2
241500, 371.6
241560,  358
241620, 340.6
241680, 323.2
241740, 305.8
241800, 288.4
241860,  271
241920, 265.8
241980, 260.6
242040, 255.4
242100, 250.2
242160,  245
242220, 241.6
242280, 238.2
242340, 234.8
242400, 231.4
242460,  228
242520, 224.6
242580, 221.2
242640, 217.8
242700, 214.4
242760,  211
242820, 209.4
242880, 207.8
242940, 206.2
243000, 204.6
243060,  203
243120, 201.4
243180, 199.8
243240, 198.2
243300, 196.6
243360,  195
243420, 193.2
243480, 191.4
243540, 189.6
243600, 187.8
243660,  186
243720, 186.2
243780, 186.4
243840, 186.6
243900, 186.8
243960,  187
244020, 189.8
244080, 192.6
244140, 195.4
244200, 198.2
244260,  201
244320, 201.2
244380, 201.4
244440, 201.6
244500, 201.8
244560,  202
244620, 196.8
244680, 191.6
244740, 186.4
244800, 181.2
244860,  176
244920, 172.4
244980, 168.8
245040, 165.2
245100, 161.6
245160,  158
245220, 155.2
245280, 152.4
245340, 149.6
245400, 146.8
245460,  144
245520, 145
245580, 146
245640, 147
245700, 148
245760,  149
245820, 150
245880, 151
245940, 152
246000, 153
246060,  154
246120, 153.2
246180, 152.4
246240, 151.6
246300, 150.8
246360,  150
246420, 150.2
246480, 150.4
246540, 150.6
246600, 150.8
246660,  151
246720, 152.6
246780, 154.2
246840, 155.8
246900, 157.4
246960,  159
247020, 160.6
247080, 162.2
247140, 163.8
247200, 165.4
247260,  167
247320, 168.4
247380, 169.8
247440, 171.2
247500, 172.6
247560,  174
247620, 175.2
247680, 176.4
247740, 177.6
247800, 178.8
247860,  180
247920, 179.2
247980, 178.4
248040, 177.6
248100, 176.8
248160,  176
248220, 174.2
248280, 172.4
248340, 170.6
248400, 168.8
248460,  167
248520, 167.2
248580, 167.4
248640, 167.6
248700, 167.8
248760,  168
248820, 166.6
248880, 165.2
248940, 163.8
249000, 162.4
249060,  161
249120, 160.8
249180, 160.6
249240, 160.4
249300, 160.2
249360,  160
249420, 160
249480, 160
249540, 160
249600, 160
249660,  160
249720, 160.8
249780, 161.6
249840, 162.4
249900, 163.2
249960,  164
250020, 165
250080, 166
250140, 167
250200, 168
250260,  169
250320, 169.4
250380, 169.8
250440, 170.2
250500, 170.6
250560,  171
250620, 170.8
250680, 170.6
250740, 170.4
250800, 170.2
250860,  170
250920, 168.6
250980, 167.2
251040, 165.8
251100, 164.4
251160,  163
251220, 162.4
251280, 161.8
251340, 161.2
251400, 160.6
251460,  160
251520, 158.2
251580, 156.4
251640, 154.6
251700, 152.8
251760,  151
251820, 149.2
251880, 147.4
251940, 145.6
252000, 143.8
252060,  142
252120, 141.4
252180, 140.8
252240, 140.2
252300, 139.6
252360,  139
252420, 138.4
252480, 137.8
252540, 137.2
252600, 136.6
252660,  136
252720, 135.2
252780, 134.4
252840, 133.6
252900, 132.8
252960,  132
253020, 131.8
253080, 131.6
253140, 131.4
253200, 131.2
253260,  131
253320, 129.2
253380, 127.4
253440, 125.6
253500, 123.8
253560,  122
253620, 120.2
253680, 118.4
253740, 116.6
253800, 114.8
253860,  113
253920, 111.2
253980, 109.4
254040, 107.6
254100, 105.8
254160,  104
254220, 102.8
254280, 101.6
254340, 100.4
254400, 99.2
254460,  98
254520, 98
254580, 98
254640, 98
254700, 98
254760,  98
254820, 97
254880, 96
254940, 95
255000, 94
255060,  93
255120, 90.6
255180, 88.2
255240, 85.8
255300, 83.4
255360,  81
255420, 80
255480, 79
255540, 78
255600, 77
255660,  76
255720, 76.2
255780, 76.4
255840, 76.6
255900, 76.8
255960,  77
256020, 77.8
256080, 78.6
256140, 79.4
256200, 80.2
256260,  81
256320, 81
256380, 81
256440, 81
256500, 81
256560,  81
256620, 79.4
256680, 77.8
256740, 76.2
256800, 74.6
256860, 73
256920, 71.4
256980, 69.8
257040, 68.2
257100, 66.6
257160,  65
257220,  65
257280, 62.4
257340, 59.8
257400, 57.2
257460, 54.6
257520,  52
257580,  52
257640,  52
257700,  52
257760,  52
257820,  52
257880,  52
257940,  52
258000,  52
258060,  52
258120,  52
258180, 51.5636363636364
258240, 51.1272727272727
258300, 50.6909090909091
258360, 50.2545454545455
258420, 49.8181818181818
258480, 49.3818181818182
258540, 48.9454545454545
258600, 48.5090909090909
258660, 48.0727272727273
258720, 47.6363636363636
258780, 47.2
258840, 46.7636363636364
258900, 46.3272727272727
258960, 45.8909090909091
259020, 45.4545454545455
259080, 45.0181818181818
259140, 44.5818181818182
259200, 44.1454545454545
259260, 43.7090909090909
259320, 43.2727272727273
259380, 42.8363636363636
259440, 42.4
259500, 41.9636363636364
259560, 41.5272727272727
259620, 41.0909090909091
259680, 40.6545454545455
259740, 40.2181818181818
259800, 39.7818181818182
259860, 39.3454545454545
259920, 38.9090909090909
259980, 38.4727272727273
260040, 38.0363636363636
260100, 37.6
260160, 37.1636363636364
260220, 36.7272727272727
260280, 36.2909090909091
260340, 35.8545454545455
260400, 35.4181818181818
260460, 34.9818181818182
260520, 34.5454545454545
260580, 34.1090909090909
260640, 33.6727272727273
260700, 33.2363636363636
260760, 32.8
260820, 32.3636363636364
260880, 31.9272727272727
260940, 31.4909090909091
261000, 31.0545454545455
261060, 30.6181818181818
261120, 30.1818181818182
261180, 29.7454545454545
261240, 29.3090909090909
261300, 28.8727272727273
261360, 28.4363636363636
261420,  28
261480, 27.5
261540, 27
261600, 26.5
261660, 26
261720, 25.5
261780, 25
261840, 24.5
261900, 24
261960, 23.5
262020,  23
262080, 22.8
262140, 22.6
262200, 22.4
262260, 22.2
262320,  22
262380, 21.8
262440, 21.6
262500, 21.4
262560, 21.2
262620,  21
262680, 20.8
262740, 20.6
262800, 20.4
262860, 20.2
262920,  20
262980, 20.4
263040, 20.8
263100, 21.2
263160, 21.6
263220,  22
263280,  22
263340, 22
263400, 22
263460, 22
263520, 22
263580, 22
263640, 22
263700, 22
263760, 22
263820, 22
263880,  22
263940, 21.8
264000, 21.6
264060, 21.4
264120, 21.2
264180,  21
264240, 20.6
264300, 20.2
264360, 19.8
264420, 19.4
264480,  19
264540, 18.8
264600, 18.6
264660, 18.4
264720, 18.2
264780,  18
264840, 17.8
264900, 17.6
264960, 17.4
265020, 17.2
265080,  17
265140, 16.8
265200, 16.6
265260, 16.4
265320, 16.2
265380,  16
265440, 15.6
265500, 15.2
265560, 14.8
265620, 14.4
265680,  14
265740, 14.6
265800, 15.2
265860, 15.8
265920, 16.4
265980,  17
266040, 18.4
266100, 19.8
266160, 21.2
266220, 22.6
266280,  24
266340, 24.6
266400, 25.2
266460, 25.8
266520, 26.4
266580,  27
266640, 27.2
266700, 27.4
266760, 27.6
266820, 27.8
266880,  28
266940, 28.2
267000, 28.4
267060, 28.6
267120, 28.8
267180,  29
267240, 29
267300, 29
267360, 29
267420, 29
267480,  29
267540, 28.8
267600, 28.6
267660, 28.4
267720, 28.2
267780,  28
267840, 27.4
267900, 26.8
267960, 26.2
268020, 25.6
268080,  25
268140, 25
268200, 25
268260, 25
268320, 25
268380,  25
268440, 24.6
268500, 24.2
268560, 23.8
268620, 23.4
268680,  23
268740,  23
268800, 22.3
268860, 21.6
268920, 20.9
268980, 20.2
269040, 19.5
269100, 18.8
269160, 18.1
269220, 17.4
269280, 16.7
269340,  16
269400, 16
269460, 16
269520, 16
269580, 16
269640,  16
269700, 15.8
269760, 15.6
269820, 15.4
269880, 15.2
269940,  15
270000, 14.4
270060, 13.8
270120, 13.2
270180, 12.6
270240,  12
270300, 11.8
270360, 11.6
270420, 11.4
270480, 11.2
270540,  11
270600, 11.4
270660, 11.8
270720, 12.2
270780, 12.6
270840,  13
270900, 13
270960, 13
271020, 13
271080, 13
271140,  13
271200, 13
271260, 13
271320, 13
271380, 13
271440,  13
271500, 12.8
271560, 12.6
271620, 12.4
271680, 12.2
271740,  12
271800, 12.2
271860, 12.4
271920, 12.6
271980, 12.8
272040,  13
272100, 13
272160, 13
272220, 13
272280, 13
272340,  13
272400, 13
272460, 13
272520, 13
272580, 13
272640,  13
272700, 13
272760, 13
272820, 13
272880, 13
272940,  13
273000, 13.2
273060, 13.4
273120, 13.6
273180, 13.8
273240,  14
273300, 14.2
273360, 14.4
273420, 14.6
273480, 14.8
273540,  15
273600, 15.2
273660, 15.4
273720, 15.6
273780, 15.8
273840,  16
273900, 16
273960, 16
274020, 16
274080, 16
274140,  16
274200, 16.8
274260, 17.6
274320, 18.4
274380, 19.2
274440,  20
274500, 21.2
274560, 22.4
274620, 23.6
274680, 24.8
274740,  26
274800, 27
274860, 28
274920, 29
274980, 30
275040,  31
275100, 32
275160, 33
275220, 34
275280, 35
275340,  36
275400, 36.8
275460, 37.6
275520, 38.4
275580, 39.2
275640,  40
275700, 40.8
275760, 41.6
275820, 42.4
275880, 43.2
275940,  44
276000, 44.4
276060, 44.8
276120, 45.2
276180, 45.6
276240,  46
276300, 46
276360, 46
276420, 46
276480, 46
276540,  46
276600, 46.2
276660, 46.4
276720, 46.6
276780, 46.8
276840,  47
276900, 47.6
276960, 48.2
277020, 48.8
277080, 49.4
277140,  50
277200, 50.6
277260, 51.2
277320, 51.8
277380, 52.4
277440,  53
277500, 53.2
277560, 53.4
277620, 53.6
277680, 53.8
277740,  54
277800, 54
277860, 54
277920, 54
277980, 54
278040,  54
278100, 54.2
278160, 54.4
278220, 54.6
278280, 54.8
278340,  55
278400, 54.8
278460, 54.6
278520, 54.4
278580, 54.2
278640,  54
278700, 54
278760, 54
278820, 54
278880, 54
278940,  54
279000, 54.2
279060, 54.4
279120, 54.6
279180, 54.8
279240,  55
279300, 54.8
279360, 54.6
279420, 54.4
279480, 54.2
279540,  54
279600, 53
279660, 52
279720, 51
279780, 50
279840,  49
279900, 47.6
279960, 46.2
280020, 44.8
280080, 43.4
280140,  42
280200, 41.8
280260, 41.6
280320, 41.4
280380, 41.2
280440,  41
280500, 40.8
280560, 40.6
280620, 40.4
280680, 40.2
280740,  40
280800, 39.4
280860, 38.8
280920, 38.2
280980, 37.6
281040,  37
281100, 36.8
281160, 36.6
281220, 36.4
281280, 36.2
281340,  36
281400, 35.8
281460, 35.6
281520, 35.4
281580, 35.2
281640,  35
281700, 34.8
281760, 34.6
281820, 34.4
281880, 34.2
281940,  34
282000, 34
282060, 34
282120, 34
282180, 34
282240,  34
282300, 33.6
282360, 33.2
282420, 32.8
282480, 32.4
282540,  32
282600, 30.8
282660, 29.6
282720, 28.4
282780, 27.2
282840,  26
282900, 25.2
282960, 24.4
283020, 23.6
283080, 22.8
283140,  22
283200, 21.8
283260, 21.6
283320, 21.4
283380, 21.2
283440,  21
283500, 20.8
283560, 20.6
283620, 20.4
283680, 20.2
283740,  20
283800, 20.4
283860, 20.8
283920, 21.2
283980, 21.6
284040,  22
284100, 22.4
284160, 22.8
284220, 23.2
284280, 23.6
284340,  24
284400, 24.2
284460, 24.4
284520, 24.6
284580, 24.8
284640,  25
284700, 26
284760, 27
284820, 28
284880, 29
284940,  30
285000, 30
285060, 30
285120, 30
285180, 30
285240,  30
285300, 28.8
285360, 27.6
285420, 26.4
285480, 25.2
285540,  24
285600, 24
285660, 24
285720, 24
285780, 24
285840,  24
285900, 24
285960, 24
286020, 24
286080, 24
286140,  24
286200, 24
286260, 24
286320, 24
286380, 24
286440,  24
286500, 24
286560, 24
286620, 24
286680, 24
286740,  24
286800, 24
286860, 24
286920, 24
286980, 24
287040,  24
287100, 23.8
287160, 23.6
287220, 23.4
287280, 23.2
287340,  23
287400, 22.8
287460, 22.6
287520, 22.4
287580, 22.2
287640,  22
287700, 21.8
287760, 21.6
287820, 21.4
287880, 21.2
287940,  21
288000, 21
288060, 21
288120, 21
288180, 21
288240,  21
288300, 21
288360, 21
288420, 21
288480, 21
288540,  21
288600, 21
288660, 21
288720, 21
288780, 21
288840,  21
288900, 21
288960, 21
289020, 21
289080, 21
289140,  21
289200, 21
289260, 21
289320, 21
289380, 21
289440,  21
289500, 21.2
289560, 21.4
289620, 21.6
289680, 21.8
289740,  22
289800, 22
289860, 22
289920, 22
289980, 22
290040,  22
290100, 22.4
290160, 22.8
290220, 23.2
290280, 23.6
290340,  24
290400, 24.4
290460, 24.8
290520, 25.2
290580, 25.6
290640,  26
290700, 26
290760, 26
290820, 26
290880, 26
290940,  26
291000, 26
291060, 26
291120, 26
291180, 26
291240,  26
291300, 26.4
291360, 26.8
291420, 27.2
291480, 27.6
291540,  28
291600, 27.8
291660, 27.6
291720, 27.4
291780, 27.2
291840,  27
291900, 27.2
291960, 27.4
292020, 27.6
292080, 27.8
292140,  28
292200, 27.8
292260, 27.6
292320, 27.4
292380, 27.2
292440,  27
292500, 27.2
292560, 27.4
292620, 27.6
292680, 27.8
292740,  28
292800, 28.4
292860, 28.8
292920, 29.2
292980, 29.6
293040,  30
293100, 30.8
293160, 31.6
293220, 32.4
293280, 33.2
293340,  34
293400, 34.4
293460, 34.8
293520, 35.2
293580, 35.6
293640,  36
293700, 36.6
293760, 37.2
293820, 37.8
293880, 38.4
293940,  39
294000, 39.6
294060, 40.2
294120, 40.8
294180, 41.4
294240,  42
294300, 42.6
294360, 43.2
294420, 43.8
294480, 44.4
294540,  45
294600, 44.2
294660, 43.4
294720, 42.6
294780, 41.8
294840,  41
294900, 40.4
294960, 39.8
295020, 39.2
295080, 38.6
295140,  38
295200, 38.6
295260, 39.2
295320, 39.8
295380, 40.4
295440,  41
295500, 41
295560, 41
295620, 41
295680, 41
295740,  41
295800, 41
295860, 41
295920, 41
295980, 41
296040,  41
296100, 41.4
296160, 41.8
296220, 42.2
296280, 42.6
296340,  43
296400, 43.4
296460, 43.8
296520, 44.2
296580, 44.6
296640,  45
296700, 45.2
296760, 45.4
296820, 45.6
296880, 45.8
296940,  46
297000, 45.6
297060, 45.2
297120, 44.8
297180, 44.4
297240,  44
297300, 43.4
297360, 42.8
297420, 42.2
297480, 41.6
297540,  41
297600, 40.2
297660, 39.4
297720, 38.6
297780, 37.8
297840,  37
297900, 36.6
297960, 36.2
298020, 35.8
298080, 35.4
298140,  35
298200, 34.6
298260, 34.2
298320, 33.8
298380, 33.4
298440,  33
298500, 33
298560, 33
298620, 33
298680, 33
298740,  33
298800, 32.8
298860, 32.6
298920, 32.4
298980, 32.2
299040,  32
299100, 31.6
299160, 31.2
299220, 30.8
299280, 30.4
299340,  30
299400, 30.6
299460, 31.2
299520, 31.8
299580, 32.4
299640,  33
299700, 33.2
299760, 33.4
299820, 33.6
299880, 33.8
299940,  34
300000, 34.4
300060, 34.8
300120, 35.2
300180, 35.6
300240,  36
300300, 36.8
300360, 37.6
300420, 38.4
300480, 39.2
300540,  40
300600, 41
300660, 42
300720, 43
300780, 44
300840,  45
300900, 45.6
300960, 46.2
301020, 46.8
301080, 47.4
301140,  48
301200, 47.2
301260, 46.4
301320, 45.6
301380, 44.8
301440,  44
301500, 44.2
301560, 44.4
301620, 44.6
301680, 44.8
301740,  45
301800, 45
301860, 45
301920, 45
301980, 45
302040,  45
302100, 46
302160, 47
302220, 48
302280, 49
302340,  50
302400, 50.6
302460, 51.2
302520, 51.8
302580, 52.4
302640,  53
302700, 53.8
302760, 54.6
302820, 55.4
302880, 56.2
302940,  57
303000, 57.8
303060, 58.6
303120, 59.4
303180, 60.2
303240,  61
303300, 61.6
303360, 62.2
303420, 62.8
303480, 63.4
303540,  64
303600, 63.2
303660, 62.4
303720, 61.6
303780, 60.8
303840,  60
303900, 61
303960, 62
304020, 63
304080, 64
304140,  65
304200, 66
304260, 67
304320, 68
304380, 69
304440,  70
304500, 69.2
304560, 68.4
304620, 67.6
304680, 66.8
304740,  66
304800, 65
304860, 64
304920, 63
304980, 62
305040,  61
305100, 60.6
305160, 60.2
305220, 59.8
305280, 59.4
305340,  59
305400, 58.4
305460, 57.8
305520, 57.2
305580, 56.6
305640,  56
305700, 56
305760, 56
305820, 56
305880, 56
305940,  56
306000, 56.2
306060, 56.4
306120, 56.6
306180, 56.8
306240,  57
306300, 57.2
306360, 57.4
306420, 57.6
306480, 57.8
306540,  58
306600, 57
306660, 56
306720, 55
306780, 54
306840,  53
306900, 53
306960, 53
307020, 53
307080, 53
307140,  53
307200, 52.4
307260, 51.8
307320, 51.2
307380, 50.6
307440,  50
307500, 49
307560, 48
307620, 47
307680, 46
307740,  45
307800, 44.6
307860, 44.2
307920, 43.8
307980, 43.4
308040,  43
308100, 43
308160, 43
308220, 43
308280, 43
308340,  43
308400, 43.2
308460, 43.4
308520, 43.6
308580, 43.8
308640,  44
308700, 44.2
308760, 44.4
308820, 44.6
308880, 44.8
308940,  45
309000, 45.4
309060, 45.8
309120, 46.2
309180, 46.6
309240,  47
309300, 48.2
309360, 49.4
309420, 50.6
309480, 51.8
309540,  53
309600, 52.8
309660, 52.6
309720, 52.4
309780, 52.2
309840,  52
309900, 51.8
309960, 51.6
310020, 51.4
310080, 51.2
310140,  51
310200, 49.4
310260, 47.8
310320, 46.2
310380, 44.6
310440,  43
310500, 42.4
310560, 41.8
310620, 41.2
310680, 40.6
310740,  40
310800, 39.8
310860, 39.6
310920, 39.4
310980, 39.2
311040,  39
311100, 38.4
311160, 37.8
311220, 37.2
311280, 36.6
311340,  36
311400, 35.8
311460, 35.6
311520, 35.4
311580, 35.2
311640,  35
311700, 34.8
311760, 34.6
311820, 34.4
311880, 34.2
311940,  34
312000, 33.4
312060, 32.8
312120, 32.2
312180, 31.6
312240,  31
312300, 30.4
312360, 29.8
312420, 29.2
312480, 28.6
312540,  28
312600, 27.2
312660, 26.4
312720, 25.6
312780, 24.8
312840,  24
312900, 24.6
312960, 25.2
313020, 25.8
313080, 26.4
313140,  27
313200, 28.4
313260, 29.8
313320, 31.2
313380, 32.6
313440,  34
313500, 35.8
313560, 37.6
313620, 39.4
313680, 41.2
313740,  43
313800, 43.8
313860, 44.6
313920, 45.4
313980, 46.2
314040,  47
314100, 45.6
314160, 44.2
314220, 42.8
314280, 41.4
314340,  40
314400, 39.4
314460, 38.8
314520, 38.2
314580, 37.6
314640,  37
314700, 37.2
314760, 37.4
314820, 37.6
314880, 37.8
314940,  38
315000, 37.8
315060, 37.6
315120, 37.4
315180, 37.2
315240,  37
315300, 36.4
315360, 35.8
315420, 35.2
315480, 34.6
315540,  34
315600, 33.4
315660, 32.8
315720, 32.2
315780, 31.6
315840,  31
315900, 31.2
315960, 31.4
316020, 31.6
316080, 31.8
316140,  32
316200, 31.8
316260, 31.6
316320, 31.4
316380, 31.2
316440,  31
316500, 31
316560, 31
316620, 31
316680, 31
316740,  31
316800, 31
316860, 31
316920, 31
316980, 31
317040,  31
317100, 31.4
317160, 31.8
317220, 32.2
317280, 32.6
317340,  33
317400, 32.8
317460, 32.6
317520, 32.4
317580, 32.2
317640,  32
317700, 32.6
317760, 33.2
317820, 33.8
317880, 34.4
317940,  35
318000, 36.6
318060, 38.2
318120, 39.8
318180, 41.4
318240,  43
318300, 44.4
318360, 45.8
318420, 47.2
318480, 48.6
318540,  50
318600, 50
318660, 50
318720, 50
318780, 50
318840,  50
318900, 50.4
318960, 50.8
319020, 51.2
319080, 51.6
319140,  52
319200, 52
319260, 52
319320, 52
319380, 52
319440,  52
319500, 52
319560, 52
319620, 52
319680, 52
319740,  52
319800, 52.4
319860, 52.8
319920, 53.2
319980, 53.6
320040,  54
320100, 54.6
320160, 55.2
320220, 55.8
320280, 56.4
320340,  57
320400, 58
320460, 59
320520, 60
320580, 61
320640,  62
320700, 62.6
320760, 63.2
320820, 63.8
320880, 64.4
320940,  65
321000, 64
321060, 63
321120, 62
321180, 61
321240,  60
321300, 58.8
321360, 57.6
321420, 56.4
321480, 55.2
321540,  54
321600, 53
321660, 52
321720, 51
321780, 50
321840,  49
321900, 48.6
321960, 48.2
322020, 47.8
322080, 47.4
322140,  47
322200, 46.8
322260, 46.6
322320, 46.4
322380, 46.2
322440,  46
322500, 46.8
322560, 47.6
322620, 48.4
322680, 49.2
322740,  50
322800, 51
322860, 52
322920, 53
322980, 54
323040,  55
323100, 55
323160, 55
323220, 55
323280, 55
323340,  55
323400, 57.8
323460, 60.6
323520, 63.4
323580, 66.2
323640,  69
323700, 70
323760, 71
323820, 72
323880, 73
323940,  74
324000, 71.6
324060, 69.2
324120, 66.8
324180, 64.4
324240,  62
324300, 59.8
324360, 57.6
324420, 55.4
324480, 53.2
324540,  51
324600, 50.6
324660, 50.2
324720, 49.8
324780, 49.4
324840,  49
324900, 48.2
324960, 47.4
325020, 46.6
325080, 45.8
325140,  45
325200, 44.8
325260, 44.6
325320, 44.4
325380, 44.2
325440,  44
325500, 44
325560, 44
325620, 44
325680, 44
325740,  44
325800, 43.8
325860, 43.6
325920, 43.4
325980, 43.2
326040,  43
326100, 42.8
326160, 42.6
326220, 42.4
326280, 42.2
326340,  42
326400, 42.2
326460, 42.4
326520, 42.6
326580, 42.8
326640,  43
326700, 44.8
326760, 46.6
326820, 48.4
326880, 50.2
326940,  52
327000, 52.4
327060, 52.8
327120, 53.2
327180, 53.6
327240,  54
327300, 53.4
327360, 52.8
327420, 52.2
327480, 51.6
327540,  51
327600, 50.6
327660, 50.2
327720, 49.8
327780, 49.4
327840,  49
327900, 48.2
327960, 47.4
328020, 46.6
328080, 45.8
328140,  45
328200, 44.6
328260, 44.2
328320, 43.8
328380, 43.4
328440,  43
328500, 42.4
328560, 41.8
328620, 41.2
328680, 40.6
328740,  40
328800, 39.8
328860, 39.6
328920, 39.4
328980, 39.2
329040,  39
329100, 39.4
329160, 39.8
329220, 40.2
329280, 40.6
329340,  41
329400, 41
329460, 41
329520, 41
329580, 41
329640,  41
329700, 40.8
329760, 40.6
329820, 40.4
329880, 40.2
329940,  40
330000, 39.8
330060, 39.6
330120, 39.4
330180, 39.2
330240,  39
330300, 39.2
330360, 39.4
330420, 39.6
330480, 39.8
330540,  40
330600, 41.4
330660, 42.8
330720, 44.2
330780, 45.6
330840,  47
330900, 48.4
330960, 49.8
331020, 51.2
331080, 52.6
331140,  54
331200, 55.8
331260, 57.6
331320, 59.4
331380, 61.2
331440,  63
331500, 64
331560, 65
331620, 66
331680, 67
331740,  68
331800, 67.8
331860, 67.6
331920, 67.4
331980, 67.2
332040,  67
332100, 66
332160, 65
332220, 64
332280, 63
332340,  62
332400, 61.8
332460, 61.6
332520, 61.4
332580, 61.2
332640,  61
332700, 60.8
332760, 60.6
332820, 60.4
332880, 60.2
332940,  60
333000, 60.4
333060, 60.8
333120, 61.2
333180, 61.6
333240,  62
333300, 63
333360, 64
333420, 65
333480, 66
333540,  67
333600, 68.2
333660, 69.4
333720, 70.6
333780, 71.8
333840,  73
333900, 73.2
333960, 73.4
334020, 73.6
334080, 73.8
334140,  74
334200, 74
334260, 74
334320, 74
334380, 74
334440,  74
334500, 74.4
334560, 74.8
334620, 75.2
334680, 75.6
334740,  76
334800, 76.2
334860, 76.4
334920, 76.6
334980, 76.8
335040,  77
335100, 77
335160, 77
335220, 77
335280, 77
335340,  77
335400, 77
335460, 77
335520, 77
335580, 77
335640,  77
335700, 77.6
335760, 78.2
335820, 78.8
335880, 79.4
335940,  80
336000, 79.6
336060, 79.2
336120, 78.8
336180, 78.4
